drug1	drug2	synergy_score
CHLORPROMAZINE	OXAPROZIN	0.0199684157314158
OXAPROZIN	TETRABENAZINE	0.0154727337114636
OXAPROZIN	AXITINIB	0.0137267896055376
CHLORPROMAZINE	AXITINIB	0.00365188687500232
TETRABENAZINE	AXITINIB	0.00341487703673173
CHLORPROMAZINE	TETRABENAZINE	0.00259814641571802
